"BehaviorSpace results (NetLogo 7.0.3)","Table version 2.0"
"adaptiveModelWithBV.nlogox"
"prolifAndDrugMolecule"
"04/09/2026 00:31:10:368 -0500"
"min-pxcor","max-pxcor","min-pycor","max-pycor"
"-49","49","-49","49"
"[run number]","max-drug","resource","proliferationP-DP","blood-vessel-width","drugMolecule","invasion-threshold","adaptive-burden-threshold","bolusAmount","PRO-to-DP","invasionP-DP","adaptive-therapy","cell-count","starvingThreshold","timeInterval","startTime","resourceRate","nextBolusTime","[step]","count patches with [pcolor = black]","count patches with [pcolor = orange]","proliferationP-PRO"
"2","2600","10","0.01","0","0","5","2000","200","0.5","0.6","false","100","25","45","0","10","10","123","0","0","0.015"
"3","2600","10","0.02","0","0","5","2000","200","0.5","0.6","false","100","25","45","0","10","10","134","0","0","0.025"
"1","2600","10","0","0","0","5","2000","200","0.5","0.6","false","100","25","45","0","10","10","65","0","0","0.005"
"13","2600","10","0.12","0","0","5","2000","200","0.5","0.6","false","100","25","45","0","10","10","218","3291","3536","0.125"
"4","2600","10","0.03","0","0","5","2000","200","0.5","0.6","false","100","25","45","0","10","10","223","0","0","0.034999999999999996"
"9","2600","10","0.08","0","0","5","2000","200","0.5","0.6","false","100","25","45","0","10","10","336","2095","4745","0.085"
"14","2600","10","0.13","0","0","5","2000","200","0.5","0.6","false","100","25","45","0","10","10","204","2667","4202","0.135"
"12","2600","10","0.11","0","0","5","2000","200","0.5","0.6","false","100","25","45","0","10","10","240","1641","5176","0.115"
"15","2600","10","0.14","0","0","5","2000","200","0.5","0.6","false","100","25","45","0","10","10","183","2012","4803","0.14500000000000002"
"16","2600","10","0.15","0","0","5","2000","200","0.5","0.6","false","100","25","45","0","10","10","172","3368","3480","0.155"
"11","2600","10","0.1","0","0","5","2000","200","0.5","0.6","false","100","25","45","0","10","10","258","2890","3919","0.10500000000000001"
"10","2600","10","0.09","0","0","5","2000","200","0.5","0.6","false","100","25","45","0","10","10","287","3141","3654","0.095"
"22","2600","10","0","0","200","5","2000","200","0.5","0.6","false","100","25","45","0","10","10","49","0","0","0.005"
"18","2600","10","0.17","0","0","5","2000","200","0.5","0.6","false","100","25","45","0","10","10","160","2486","4365","0.17500000000000002"
"19","2600","10","0.18","0","0","5","2000","200","0.5","0.6","false","100","25","45","0","10","10","145","3573","3275","0.185"
"8","2600","10","0.07","0","0","5","2000","200","0.5","0.6","false","100","25","45","0","10","10","382","2511","4289","0.07500000000000001"
"23","2600","10","0.01","0","200","5","2000","200","0.5","0.6","false","100","25","45","0","10","10","70","0","0","0.015"
"7","2600","10","0.06","0","0","5","2000","200","0.5","0.6","false","100","25","45","0","10","10","485","4","6790","0.065"
"20","2600","10","0.19","0","0","5","2000","200","0.5","0.6","false","100","25","45","0","10","10","145","3811","2989","0.195"
"17","2600","10","0.16","0","0","5","2000","200","0.5","0.6","false","100","25","45","0","10","10","164","3635","3155","0.165"
"24","2600","10","0.02","0","200","5","2000","200","0.5","0.6","false","100","25","45","0","10","10","118","0","0","0.025"
"21","2600","10","0.2","0","0","5","2000","200","0.5","0.6","false","100","25","45","0","10","10","136","3747","3105","0.20500000000000002"
"25","2600","10","0.03","0","200","5","2000","200","0.5","0.6","false","100","25","45","0","10","10","149","0","0","0.034999999999999996"
"35","2600","10","0.13","0","200","5","2000","200","0.5","0.6","false","100","25","45","0","10","10","203","3234","3569","0.135"
"6","2600","10","0.05","0","0","5","2000","200","0.5","0.6","false","100","25","45","0","10","10","733","334","6485","0.055"
"33","2600","10","0.11","0","200","5","2000","200","0.5","0.6","false","100","25","45","0","10","10","248","3139","3683","0.115"
"34","2600","10","0.12","0","200","5","2000","200","0.5","0.6","false","100","25","45","0","10","10","220","3068","3729","0.125"
"31","2600","10","0.09","0","200","5","2000","200","0.5","0.6","false","100","25","45","0","10","10","297","4852","1962","0.095"
"30","2600","10","0.08","0","200","5","2000","200","0.5","0.6","false","100","25","45","0","10","10","350","2007","4799","0.085"
"32","2600","10","0.1","0","200","5","2000","200","0.5","0.6","false","100","25","45","0","10","10","262","3062","3729","0.10500000000000001"
"36","2600","10","0.14","0","200","5","2000","200","0.5","0.6","false","100","25","45","0","10","10","190","1714","5119","0.14500000000000002"
"29","2600","10","0.07","0","200","5","2000","200","0.5","0.6","false","100","25","45","0","10","10","429","2023","4767","0.07500000000000001"
"43","2600","10","0","0","400","5","2000","200","0.5","0.6","false","100","25","45","0","10","10","52","0","0","0.005"
"38","2600","10","0.16","0","200","5","2000","200","0.5","0.6","false","100","25","45","0","10","10","168","2317","4530","0.165"
"40","2600","10","0.18","0","200","5","2000","200","0.5","0.6","false","100","25","45","0","10","10","151","2386","4454","0.185"
"39","2600","10","0.17","0","200","5","2000","200","0.5","0.6","false","100","25","45","0","10","10","157","3427","3429","0.17500000000000002"
"45","2600","10","0.02","0","400","5","2000","200","0.5","0.6","false","100","25","45","0","10","10","90","0","0","0.025"
"44","2600","10","0.01","0","400","5","2000","200","0.5","0.6","false","100","25","45","0","10","10","98","0","0","0.015"
"37","2600","10","0.15","0","200","5","2000","200","0.5","0.6","false","100","25","45","0","10","10","176","1839","5014","0.155"
"41","2600","10","0.19","0","200","5","2000","200","0.5","0.6","false","100","25","45","0","10","10","142","3257","3535","0.195"
"42","2600","10","0.2","0","200","5","2000","200","0.5","0.6","false","100","25","45","0","10","10","139","2178","4684","0.20500000000000002"
"28","2600","10","0.06","0","200","5","2000","200","0.5","0.6","false","100","25","45","0","10","10","565","2296","4540","0.065"
"46","2600","10","0.03","0","400","5","2000","200","0.5","0.6","false","100","25","45","0","10","10","246","0","0","0.034999999999999996"
"52","2600","10","0.09","0","400","5","2000","200","0.5","0.6","false","100","25","45","0","10","10","311","2389","4402","0.095"
"54","2600","10","0.11","0","400","5","2000","200","0.5","0.6","false","100","25","45","0","10","10","250","810","6008","0.115"
"27","2600","10","0.05","0","200","5","2000","200","0.5","0.6","false","100","25","45","0","10","10","968","1839","4960","0.055"
"55","2600","10","0.12","0","400","5","2000","200","0.5","0.6","false","100","25","45","0","10","10","228","3440","3396","0.125"
"53","2600","10","0.1","0","400","5","2000","200","0.5","0.6","false","100","25","45","0","10","10","281","2569","4240","0.10500000000000001"
"50","2600","10","0.07","0","400","5","2000","200","0.5","0.6","false","100","25","45","0","10","10","449","3951","2839","0.07500000000000001"
"51","2600","10","0.08","0","400","5","2000","200","0.5","0.6","false","100","25","45","0","10","10","367","5512","1318","0.085"
"49","2600","10","0.06","0","400","5","2000","200","0.5","0.6","false","100","25","45","0","10","10","603","4496","2299","0.065"
"47","2600","10","0.04","0","400","5","2000","200","0.5","0.6","false","100","25","45","0","10","10","603","0","0","0.045"
"56","2600","10","0.13","0","400","5","2000","200","0.5","0.6","false","100","25","45","0","10","10","211","2156","4635","0.135"
"64","2600","10","0","0","600","5","2000","200","0.5","0.6","false","100","25","45","0","10","10","41","0","0","0.005"
"59","2600","10","0.16","0","400","5","2000","200","0.5","0.6","false","100","25","45","0","10","10","166","3964","2856","0.165"
"65","2600","10","0.01","0","600","5","2000","200","0.5","0.6","false","100","25","45","0","10","10","52","0","0","0.015"
"58","2600","10","0.15","0","400","5","2000","200","0.5","0.6","false","100","25","45","0","10","10","186","1336","5515","0.155"
"61","2600","10","0.18","0","400","5","2000","200","0.5","0.6","false","100","25","45","0","10","10","156","1485","5375","0.185"
"57","2600","10","0.14","0","400","5","2000","200","0.5","0.6","false","100","25","45","0","10","10","192","3729","3089","0.14500000000000002"
"63","2600","10","0.2","0","400","5","2000","200","0.5","0.6","false","100","25","45","0","10","10","138","3463","3343","0.20500000000000002"
"60","2600","10","0.17","0","400","5","2000","200","0.5","0.6","false","100","25","45","0","10","10","161","6195","667","0.17500000000000002"
"62","2600","10","0.19","0","400","5","2000","200","0.5","0.6","false","100","25","45","0","10","10","145","2469","4353","0.195"
"66","2600","10","0.02","0","600","5","2000","200","0.5","0.6","false","100","25","45","0","10","10","98","0","0","0.025"
"67","2600","10","0.03","0","600","5","2000","200","0.5","0.6","false","100","25","45","0","10","10","186","0","0","0.034999999999999996"
"75","2600","10","0.11","0","600","5","2000","200","0.5","0.6","false","100","25","45","0","10","10","247","4569","2241","0.115"
"74","2600","10","0.1","0","600","5","2000","200","0.5","0.6","false","100","25","45","0","10","10","289","3366","3428","0.10500000000000001"
"72","2600","10","0.08","0","600","5","2000","200","0.5","0.6","false","100","25","45","0","10","10","372","5516","1299","0.085"
"76","2600","10","0.12","0","600","5","2000","200","0.5","0.6","false","100","25","45","0","10","10","241","2612","4240","0.125"
"73","2600","10","0.09","0","600","5","2000","200","0.5","0.6","false","100","25","45","0","10","10","312","5041","1763","0.095"
"77","2600","10","0.13","0","600","5","2000","200","0.5","0.6","false","100","25","45","0","10","10","207","4620","2205","0.135"
"71","2600","10","0.07","0","600","5","2000","200","0.5","0.6","false","100","25","45","0","10","10","447","4891","1932","0.07500000000000001"
"79","2600","10","0.15","0","600","5","2000","200","0.5","0.6","false","100","25","45","0","10","10","182","2800","3998","0.155"
"80","2600","10","0.16","0","600","5","2000","200","0.5","0.6","false","100","25","45","0","10","10","174","2196","4602","0.165"
"81","2600","10","0.17","0","600","5","2000","200","0.5","0.6","false","100","25","45","0","10","10","162","5488","1363","0.17500000000000002"
"78","2600","10","0.14","0","600","5","2000","200","0.5","0.6","false","100","25","45","0","10","10","195","4609","2180","0.14500000000000002"
"85","2600","10","0","0","800","5","2000","200","0.5","0.6","false","100","25","45","0","10","10","53","0","0","0.005"
"86","2600","10","0.01","0","800","5","2000","200","0.5","0.6","false","100","25","45","0","10","10","68","0","0","0.015"
"87","2600","10","0.02","0","800","5","2000","200","0.5","0.6","false","100","25","45","0","10","10","95","0","0","0.025"
"82","2600","10","0.18","0","600","5","2000","200","0.5","0.6","false","100","25","45","0","10","10","153","4416","2435","0.185"
"83","2600","10","0.19","0","600","5","2000","200","0.5","0.6","false","100","25","45","0","10","10","144","5414","1384","0.195"
"84","2600","10","0.2","0","600","5","2000","200","0.5","0.6","false","100","25","45","0","10","10","140","4262","2566","0.20500000000000002"
"70","2600","10","0.06","0","600","5","2000","200","0.5","0.6","false","100","25","45","0","10","10","610","6026","764","0.065"
"88","2600","10","0.03","0","800","5","2000","200","0.5","0.6","false","100","25","45","0","10","10","118","0","0","0.034999999999999996"
"48","2600","10","0.05","0","400","5","2000","200","0.5","0.6","false","100","25","45","0","10","10","1165","5023","1767","0.055"
"89","2600","10","0.04","0","800","5","2000","200","0.5","0.6","false","100","25","45","0","10","10","198","0","0","0.045"
"96","2600","10","0.11","0","800","5","2000","200","0.5","0.6","false","100","25","45","0","10","10","247","5652","1138","0.115"
"95","2600","10","0.1","0","800","5","2000","200","0.5","0.6","false","100","25","45","0","10","10","286","5684","1109","0.10500000000000001"
"94","2600","10","0.09","0","800","5","2000","200","0.5","0.6","false","100","25","45","0","10","10","330","4836","1975","0.095"
"93","2600","10","0.08","0","800","5","2000","200","0.5","0.6","false","100","25","45","0","10","10","366","6003","792","0.085"
"97","2600","10","0.12","0","800","5","2000","200","0.5","0.6","false","100","25","45","0","10","10","228","5887","976","0.125"
"101","2600","10","0.16","0","800","5","2000","200","0.5","0.6","false","100","25","45","0","10","10","173","4651","2143","0.165"
"98","2600","10","0.13","0","800","5","2000","200","0.5","0.6","false","100","25","45","0","10","10","212","4689","2146","0.135"
"99","2600","10","0.14","0","800","5","2000","200","0.5","0.6","false","100","25","45","0","10","10","200","4756","2043","0.14500000000000002"
"100","2600","10","0.15","0","800","5","2000","200","0.5","0.6","false","100","25","45","0","10","10","184","3911","2932","0.155"
"102","2600","10","0.17","0","800","5","2000","200","0.5","0.6","false","100","25","45","0","10","10","164","4582","2246","0.17500000000000002"
"106","2600","10","0","0","1000","5","2000","200","0.5","0.6","false","100","25","45","0","10","10","48","0","0","0.005"
"92","2600","10","0.07","0","800","5","2000","200","0.5","0.6","false","100","25","45","0","10","10","516","5576","1213","0.07500000000000001"
"103","2600","10","0.18","0","800","5","2000","200","0.5","0.6","false","100","25","45","0","10","10","153","5675","1169","0.185"
"107","2600","10","0.01","0","1000","5","2000","200","0.5","0.6","false","100","25","45","0","10","10","67","0","0","0.015"
"105","2600","10","0.2","0","800","5","2000","200","0.5","0.6","false","100","25","45","0","10","10","140","3207","3644","0.20500000000000002"
"104","2600","10","0.19","0","800","5","2000","200","0.5","0.6","false","100","25","45","0","10","10","150","3981","2836","0.195"
"108","2600","10","0.02","0","1000","5","2000","200","0.5","0.6","false","100","25","45","0","10","10","103","0","0","0.025"
"91","2600","10","0.06","0","800","5","2000","200","0.5","0.6","false","100","25","45","0","10","10","612","6391","418","0.065"
"109","2600","10","0.03","0","1000","5","2000","200","0.5","0.6","false","100","25","45","0","10","10","181","0","0","0.034999999999999996"
"115","2600","10","0.09","0","1000","5","2000","200","0.5","0.6","false","100","25","45","0","10","10","333","5353","1451","0.095"
"116","2600","10","0.1","0","1000","5","2000","200","0.5","0.6","false","100","25","45","0","10","10","291","5399","1391","0.10500000000000001"
"114","2600","10","0.08","0","1000","5","2000","200","0.5","0.6","false","100","25","45","0","10","10","384","5879","916","0.085"
"110","2600","10","0.04","0","1000","5","2000","200","0.5","0.6","false","100","25","45","0","10","10","557","0","0","0.045"
"113","2600","10","0.07","0","1000","5","2000","200","0.5","0.6","false","100","25","45","0","10","10","449","6859","0","0.07500000000000001"
"69","2600","10","0.05","0","600","5","2000","200","0.5","0.6","false","100","25","45","0","10","10","1441","6718","73","0.055"
"117","2600","10","0.11","0","1000","5","2000","200","0.5","0.6","false","100","25","45","0","10","10","252","6247","564","0.115"
"119","2600","10","0.13","0","1000","5","2000","200","0.5","0.6","false","100","25","45","0","10","10","220","3113","3711","0.135"
"120","2600","10","0.14","0","1000","5","2000","200","0.5","0.6","false","100","25","45","0","10","10","199","3922","2874","0.14500000000000002"
"118","2600","10","0.12","0","1000","5","2000","200","0.5","0.6","false","100","25","45","0","10","10","231","5099","1709","0.125"
"121","2600","10","0.15","0","1000","5","2000","200","0.5","0.6","false","100","25","45","0","10","10","190","4388","2402","0.155"
"112","2600","10","0.06","0","1000","5","2000","200","0.5","0.6","false","100","25","45","0","10","10","628","6671","148","0.065"
"123","2600","10","0.17","0","1000","5","2000","200","0.5","0.6","false","100","25","45","0","10","10","173","899","5903","0.17500000000000002"
"124","2600","10","0.18","0","1000","5","2000","200","0.5","0.6","false","100","25","45","0","10","10","161","1335","5459","0.185"
"125","2600","10","0.19","0","1000","5","2000","200","0.5","0.6","false","100","25","45","0","10","10","143","6347","476","0.195"
"122","2600","10","0.16","0","1000","5","2000","200","0.5","0.6","false","100","25","45","0","10","10","183","3699","3104","0.165"
"127","2600","10","0","0","1200","5","2000","200","0.5","0.6","false","100","25","45","0","10","10","50","0","0","0.005"
"128","2600","10","0.01","0","1200","5","2000","200","0.5","0.6","false","100","25","45","0","10","10","71","0","0","0.015"
"126","2600","10","0.2","0","1000","5","2000","200","0.5","0.6","false","100","25","45","0","10","10","146","3906","2953","0.20500000000000002"
"129","2600","10","0.02","0","1200","5","2000","200","0.5","0.6","false","100","25","45","0","10","10","96","0","0","0.025"
"130","2600","10","0.03","0","1200","5","2000","200","0.5","0.6","false","100","25","45","0","10","10","120","0","0","0.034999999999999996"
"90","2600","10","0.05","0","800","5","2000","200","0.5","0.6","false","100","25","45","0","10","10","1031","6820","0","0.055"
"131","2600","10","0.04","0","1200","5","2000","200","0.5","0.6","false","100","25","45","0","10","10","302","0","0","0.045"
"137","2600","10","0.1","0","1200","5","2000","200","0.5","0.6","false","100","25","45","0","10","10","262","6724","84","0.10500000000000001"
"136","2600","10","0.09","0","1200","5","2000","200","0.5","0.6","false","100","25","45","0","10","10","315","6216","617","0.095"
"139","2600","10","0.12","0","1200","5","2000","200","0.5","0.6","false","100","25","45","0","10","10","245","4646","2176","0.125"
"138","2600","10","0.11","0","1200","5","2000","200","0.5","0.6","false","100","25","45","0","10","10","260","5162","1631","0.115"
"135","2600","10","0.08","0","1200","5","2000","200","0.5","0.6","false","100","25","45","0","10","10","358","6559","239","0.085"
"134","2600","10","0.07","0","1200","5","2000","200","0.5","0.6","false","100","25","45","0","10","10","430","6791","10","0.07500000000000001"
"141","2600","10","0.14","0","1200","5","2000","200","0.5","0.6","false","100","25","45","0","10","10","200","4853","1986","0.14500000000000002"
"142","2600","10","0.15","0","1200","5","2000","200","0.5","0.6","false","100","25","45","0","10","10","196","4206","2643","0.155"
"140","2600","10","0.13","0","1200","5","2000","200","0.5","0.6","false","100","25","45","0","10","10","236","2824","3972","0.135"
"26","2600","10","0.04","0","200","5","2000","200","0.5","0.6","false","100","25","45","0","10","10","5000","0","1860","0.045"
"148","2600","10","0","0","1400","5","2000","200","0.5","0.6","false","100","25","45","0","10","10","44","0","0","0.005"
"149","2600","10","0.01","0","1400","5","2000","200","0.5","0.6","false","100","25","45","0","10","10","63","0","0","0.015"
"143","2600","10","0.16","0","1200","5","2000","200","0.5","0.6","false","100","25","45","0","10","10","173","5143","1687","0.165"
"144","2600","10","0.17","0","1200","5","2000","200","0.5","0.6","false","100","25","45","0","10","10","166","5012","1858","0.17500000000000002"
"145","2600","10","0.18","0","1200","5","2000","200","0.5","0.6","false","100","25","45","0","10","10","165","4667","2216","0.185"
"147","2600","10","0.2","0","1200","5","2000","200","0.5","0.6","false","100","25","45","0","10","10","140","4260","2576","0.20500000000000002"
"150","2600","10","0.02","0","1400","5","2000","200","0.5","0.6","false","100","25","45","0","10","10","79","0","0","0.025"
"146","2600","10","0.19","0","1200","5","2000","200","0.5","0.6","false","100","25","45","0","10","10","148","4594","2289","0.195"
"133","2600","10","0.06","0","1200","5","2000","200","0.5","0.6","false","100","25","45","0","10","10","570","6799","0","0.065"
"151","2600","10","0.03","0","1400","5","2000","200","0.5","0.6","false","100","25","45","0","10","10","276","0","0","0.034999999999999996"
"111","2600","10","0.05","0","1000","5","2000","200","0.5","0.6","false","100","25","45","0","10","10","1027","6789","0","0.055"
"157","2600","10","0.09","0","1400","5","2000","200","0.5","0.6","false","100","25","45","0","10","10","322","6411","419","0.095"
"152","2600","10","0.04","0","1400","5","2000","200","0.5","0.6","false","100","25","45","0","10","10","390","0","0","0.045"
"158","2600","10","0.1","0","1400","5","2000","200","0.5","0.6","false","100","25","45","0","10","10","280","6070","731","0.10500000000000001"
"156","2600","10","0.08","0","1400","5","2000","200","0.5","0.6","false","100","25","45","0","10","10","413","6123","676","0.085"
"159","2600","10","0.11","0","1400","5","2000","200","0.5","0.6","false","100","25","45","0","10","10","249","5882","934","0.115"
"155","2600","10","0.07","0","1400","5","2000","200","0.5","0.6","false","100","25","45","0","10","10","458","6831","6","0.07500000000000001"
"5","2600","10","0.04","0","0","5","2000","200","0.5","0.6","false","100","25","45","0","10","10","5000","0","6203","0.045"
"161","2600","10","0.13","0","1400","5","2000","200","0.5","0.6","false","100","25","45","0","10","10","209","5957","864","0.135"
"160","2600","10","0.12","0","1400","5","2000","200","0.5","0.6","false","100","25","45","0","10","10","237","5404","1397","0.125"
"163","2600","10","0.15","0","1400","5","2000","200","0.5","0.6","false","100","25","45","0","10","10","187","6323","488","0.155"
"162","2600","10","0.14","0","1400","5","2000","200","0.5","0.6","false","100","25","45","0","10","10","212","4015","2776","0.14500000000000002"
"169","2600","10","0","0","1600","5","2000","200","0.5","0.6","false","100","25","45","0","10","10","51","0","0","0.005"
"164","2600","10","0.16","0","1400","5","2000","200","0.5","0.6","false","100","25","45","0","10","10","176","4688","2136","0.165"
"166","2600","10","0.18","0","1400","5","2000","200","0.5","0.6","false","100","25","45","0","10","10","155","5322","1502","0.185"
"165","2600","10","0.17","0","1400","5","2000","200","0.5","0.6","false","100","25","45","0","10","10","167","5029","1775","0.17500000000000002"
"170","2600","10","0.01","0","1600","5","2000","200","0.5","0.6","false","100","25","45","0","10","10","64","0","0","0.015"
"168","2600","10","0.2","0","1400","5","2000","200","0.5","0.6","false","100","25","45","0","10","10","143","5328","1522","0.20500000000000002"
"167","2600","10","0.19","0","1400","5","2000","200","0.5","0.6","false","100","25","45","0","10","10","157","3122","3689","0.195"
"172","2600","10","0.03","0","1600","5","2000","200","0.5","0.6","false","100","25","45","0","10","10","201","0","0","0.034999999999999996"
"154","2600","10","0.06","0","1400","5","2000","200","0.5","0.6","false","100","25","45","0","10","10","586","6792","0","0.065"
"171","2600","10","0.02","0","1600","5","2000","200","0.5","0.6","false","100","25","45","0","10","10","269","0","0","0.025"
"180","2600","10","0.11","0","1600","5","2000","200","0.5","0.6","false","100","25","45","0","10","10","242","6764","41","0.115"
"178","2600","10","0.09","0","1600","5","2000","200","0.5","0.6","false","100","25","45","0","10","10","338","6214","578","0.095"
"179","2600","10","0.1","0","1600","5","2000","200","0.5","0.6","false","100","25","45","0","10","10","281","6595","211","0.10500000000000001"
"181","2600","10","0.12","0","1600","5","2000","200","0.5","0.6","false","100","25","45","0","10","10","250","5456","1362","0.125"
"132","2600","10","0.05","0","1200","5","2000","200","0.5","0.6","false","100","25","45","0","10","10","1063","6822","0","0.055"
"182","2600","10","0.13","0","1600","5","2000","200","0.5","0.6","false","100","25","45","0","10","10","203","6722","80","0.135"
"184","2600","10","0.15","0","1600","5","2000","200","0.5","0.6","false","100","25","45","0","10","10","191","5299","1527","0.155"
"183","2600","10","0.14","0","1600","5","2000","200","0.5","0.6","false","100","25","45","0","10","10","217","4360","2436","0.14500000000000002"
"185","2600","10","0.16","0","1600","5","2000","200","0.5","0.6","false","100","25","45","0","10","10","179","5581","1223","0.165"
"173","2600","10","0.04","0","1600","5","2000","200","0.5","0.6","false","100","25","45","0","10","10","539","0","0","0.045"
"186","2600","10","0.17","0","1600","5","2000","200","0.5","0.6","false","100","25","45","0","10","10","169","4508","2327","0.17500000000000002"
"190","2600","10","0","0","1800","5","2000","200","0.5","0.6","false","100","25","45","0","10","10","47","0","0","0.005"
"191","2600","10","0.01","0","1800","5","2000","200","0.5","0.6","false","100","25","45","0","10","10","64","0","0","0.015"
"187","2600","10","0.18","0","1600","5","2000","200","0.5","0.6","false","100","25","45","0","10","10","167","3129","3735","0.185"
"177","2600","10","0.08","0","1600","5","2000","200","0.5","0.6","false","100","25","45","0","10","10","595","5797","1022","0.085"
"189","2600","10","0.2","0","1600","5","2000","200","0.5","0.6","false","100","25","45","0","10","10","138","6559","306","0.20500000000000002"
"188","2600","10","0.19","0","1600","5","2000","200","0.5","0.6","false","100","25","45","0","10","10","153","4762","2128","0.195"
"193","2600","10","0.03","0","1800","5","2000","200","0.5","0.6","false","100","25","45","0","10","10","110","0","0","0.034999999999999996"
"192","2600","10","0.02","0","1800","5","2000","200","0.5","0.6","false","100","25","45","0","10","10","139","0","0","0.025"
"176","2600","10","0.07","0","1600","5","2000","200","0.5","0.6","false","100","25","45","0","10","10","593","6680","128","0.07500000000000001"
"200","2600","10","0.1","0","1800","5","2000","200","0.5","0.6","false","100","25","45","0","10","10","276","6734","83","0.10500000000000001"
"201","2600","10","0.11","0","1800","5","2000","200","0.5","0.6","false","100","25","45","0","10","10","252","6235","594","0.115"
"199","2600","10","0.09","0","1800","5","2000","200","0.5","0.6","false","100","25","45","0","10","10","308","6748","45","0.095"
"175","2600","10","0.06","0","1600","5","2000","200","0.5","0.6","false","100","25","45","0","10","10","742","6798","0","0.065"
"198","2600","10","0.08","0","1800","5","2000","200","0.5","0.6","false","100","25","45","0","10","10","371","6828","2","0.085"
"202","2600","10","0.12","0","1800","5","2000","200","0.5","0.6","false","100","25","45","0","10","10","225","6597","203","0.125"
"204","2600","10","0.14","0","1800","5","2000","200","0.5","0.6","false","100","25","45","0","10","10","210","5414","1461","0.14500000000000002"
"203","2600","10","0.13","0","1800","5","2000","200","0.5","0.6","false","100","25","45","0","10","10","239","3405","3417","0.135"
"153","2600","10","0.05","0","1400","5","2000","200","0.5","0.6","false","100","25","45","0","10","10","1090","6793","0","0.055"
"205","2600","10","0.15","0","1800","5","2000","200","0.5","0.6","false","100","25","45","0","10","10","200","4119","2695","0.155"
"206","2600","10","0.16","0","1800","5","2000","200","0.5","0.6","false","100","25","45","0","10","10","178","4796","2008","0.165"
"197","2600","10","0.07","0","1800","5","2000","200","0.5","0.6","false","100","25","45","0","10","10","481","6817","0","0.07500000000000001"
"211","2600","10","0","0","2000","5","2000","200","0.5","0.6","false","100","25","45","0","10","10","46","0","0","0.005"
"212","2600","10","0.01","0","2000","5","2000","200","0.5","0.6","false","100","25","45","0","10","10","69","0","0","0.015"
"208","2600","10","0.18","0","1800","5","2000","200","0.5","0.6","false","100","25","45","0","10","10","156","5693","1154","0.185"
"209","2600","10","0.19","0","1800","5","2000","200","0.5","0.6","false","100","25","45","0","10","10","145","6688","169","0.195"
"207","2600","10","0.17","0","1800","5","2000","200","0.5","0.6","false","100","25","45","0","10","10","162","6190","609","0.17500000000000002"
"213","2600","10","0.02","0","2000","5","2000","200","0.5","0.6","false","100","25","45","0","10","10","99","0","0","0.025"
"210","2600","10","0.2","0","1800","5","2000","200","0.5","0.6","false","100","25","45","0","10","10","145","4638","2194","0.20500000000000002"
"214","2600","10","0.03","0","2000","5","2000","200","0.5","0.6","false","100","25","45","0","10","10","154","0","0","0.034999999999999996"
"196","2600","10","0.06","0","1800","5","2000","200","0.5","0.6","false","100","25","45","0","10","10","554","6812","0","0.065"
"68","2600","10","0.04","0","600","5","2000","200","0.5","0.6","false","100","25","45","0","10","10","3310","0","0","0.045"
"221","2600","10","0.1","0","2000","5","2000","200","0.5","0.6","false","100","25","45","0","10","10","269","6622","169","0.10500000000000001"
"222","2600","10","0.11","0","2000","5","2000","200","0.5","0.6","false","100","25","45","0","10","10","257","6797","13","0.115"
"220","2600","10","0.09","0","2000","5","2000","200","0.5","0.6","false","100","25","45","0","10","10","318","6696","109","0.095"
"223","2600","10","0.12","0","2000","5","2000","200","0.5","0.6","false","100","25","45","0","10","10","243","5935","896","0.125"
"219","2600","10","0.08","0","2000","5","2000","200","0.5","0.6","false","100","25","45","0","10","10","397","6701","88","0.085"
"225","2600","10","0.14","0","2000","5","2000","200","0.5","0.6","false","100","25","45","0","10","10","206","6026","788","0.14500000000000002"
"224","2600","10","0.13","0","2000","5","2000","200","0.5","0.6","false","100","25","45","0","10","10","216","6456","378","0.135"
"226","2600","10","0.15","0","2000","5","2000","200","0.5","0.6","false","100","25","45","0","10","10","216","3778","3027","0.155"
"227","2600","10","0.16","0","2000","5","2000","200","0.5","0.6","false","100","25","45","0","10","10","196","3654","3185","0.165"
"218","2600","10","0.07","0","2000","5","2000","200","0.5","0.6","false","100","25","45","0","10","10","422","6802","0","0.07500000000000001"
"232","2600","10","0","0","2200","5","2000","200","0.5","0.6","false","100","25","45","0","10","10","36","0","0","0.005"
"233","2600","10","0.01","0","2200","5","2000","200","0.5","0.6","false","100","25","45","0","10","10","59","0","0","0.015"
"228","2600","10","0.17","0","2000","5","2000","200","0.5","0.6","false","100","25","45","0","10","10","169","4398","2431","0.17500000000000002"
"229","2600","10","0.18","0","2000","5","2000","200","0.5","0.6","false","100","25","45","0","10","10","158","5449","1386","0.185"
"231","2600","10","0.2","0","2000","5","2000","200","0.5","0.6","false","100","25","45","0","10","10","147","4839","1955","0.20500000000000002"
"230","2600","10","0.19","0","2000","5","2000","200","0.5","0.6","false","100","25","45","0","10","10","149","5245","1579","0.195"
"234","2600","10","0.02","0","2200","5","2000","200","0.5","0.6","false","100","25","45","0","10","10","128","0","0","0.025"
"235","2600","10","0.03","0","2200","5","2000","200","0.5","0.6","false","100","25","45","0","10","10","132","0","0","0.034999999999999996"
"174","2600","10","0.05","0","1600","5","2000","200","0.5","0.6","false","100","25","45","0","10","10","1186","6795","0","0.055"
"217","2600","10","0.06","0","2000","5","2000","200","0.5","0.6","false","100","25","45","0","10","10","629","6808","0","0.065"
"241","2600","10","0.09","0","2200","5","2000","200","0.5","0.6","false","100","25","45","0","10","10","332","6782","30","0.095"
"240","2600","10","0.08","0","2200","5","2000","200","0.5","0.6","false","100","25","45","0","10","10","372","6824","0","0.085"
"242","2600","10","0.1","0","2200","5","2000","200","0.5","0.6","false","100","25","45","0","10","10","340","5805","1019","0.10500000000000001"
"239","2600","10","0.07","0","2200","5","2000","200","0.5","0.6","false","100","25","45","0","10","10","421","6807","0","0.07500000000000001"
"243","2600","10","0.11","0","2200","5","2000","200","0.5","0.6","false","100","25","45","0","10","10","247","6739","87","0.115"
"244","2600","10","0.12","0","2200","5","2000","200","0.5","0.6","false","100","25","45","0","10","10","239","5736","1059","0.125"
"245","2600","10","0.13","0","2200","5","2000","200","0.5","0.6","false","100","25","45","0","10","10","221","5922","870","0.135"
"246","2600","10","0.14","0","2200","5","2000","200","0.5","0.6","false","100","25","45","0","10","10","198","6492","378","0.14500000000000002"
"195","2600","10","0.05","0","1800","5","2000","200","0.5","0.6","false","100","25","45","0","10","10","1047","6800","0","0.055"
"247","2600","10","0.15","0","2200","5","2000","200","0.5","0.6","false","100","25","45","0","10","10","202","5213","1583","0.155"
"248","2600","10","0.16","0","2200","5","2000","200","0.5","0.6","false","100","25","45","0","10","10","173","6520","344","0.165"
"253","2600","10","0","0","2400","5","2000","200","0.5","0.6","false","100","25","45","0","10","10","45","0","0","0.005"
"250","2600","10","0.18","0","2200","5","2000","200","0.5","0.6","false","100","25","45","0","10","10","152","6336","495","0.185"
"254","2600","10","0.01","0","2400","5","2000","200","0.5","0.6","false","100","25","45","0","10","10","71","0","0","0.015"
"251","2600","10","0.19","0","2200","5","2000","200","0.5","0.6","false","100","25","45","0","10","10","152","6178","664","0.195"
"249","2600","10","0.17","0","2200","5","2000","200","0.5","0.6","false","100","25","45","0","10","10","189","4221","2606","0.17500000000000002"
"252","2600","10","0.2","0","2200","5","2000","200","0.5","0.6","false","100","25","45","0","10","10","152","3887","2946","0.20500000000000002"
"255","2600","10","0.02","0","2400","5","2000","200","0.5","0.6","false","100","25","45","0","10","10","87","0","0","0.025"
"256","2600","10","0.03","0","2400","5","2000","200","0.5","0.6","false","100","25","45","0","10","10","153","0","0","0.034999999999999996"
"238","2600","10","0.06","0","2200","5","2000","200","0.5","0.6","false","100","25","45","0","10","10","588","6814","0","0.065"
"262","2600","10","0.09","0","2400","5","2000","200","0.5","0.6","false","100","25","45","0","10","10","313","6806","0","0.095"
"263","2600","10","0.1","0","2400","5","2000","200","0.5","0.6","false","100","25","45","0","10","10","268","6763","40","0.10500000000000001"
"261","2600","10","0.08","0","2400","5","2000","200","0.5","0.6","false","100","25","45","0","10","10","387","6819","0","0.085"
"260","2600","10","0.07","0","2400","5","2000","200","0.5","0.6","false","100","25","45","0","10","10","449","6811","0","0.07500000000000001"
"264","2600","10","0.11","0","2400","5","2000","200","0.5","0.6","false","100","25","45","0","10","10","254","6801","17","0.115"
"265","2600","10","0.12","0","2400","5","2000","200","0.5","0.6","false","100","25","45","0","10","10","228","6773","45","0.125"
"266","2600","10","0.13","0","2400","5","2000","200","0.5","0.6","false","100","25","45","0","10","10","209","6586","233","0.135"
"267","2600","10","0.14","0","2400","5","2000","200","0.5","0.6","false","100","25","45","0","10","10","209","5849","977","0.14500000000000002"
"269","2600","10","0.16","0","2400","5","2000","200","0.5","0.6","false","100","25","45","0","10","10","179","6345","455","0.165"
"268","2600","10","0.15","0","2400","5","2000","200","0.5","0.6","false","100","25","45","0","10","10","213","4874","1923","0.155"
"270","2600","10","0.17","0","2400","5","2000","200","0.5","0.6","false","100","25","45","0","10","10","166","5859","942","0.17500000000000002"
"271","2600","10","0.18","0","2400","5","2000","200","0.5","0.6","false","100","25","45","0","10","10","153","6096","719","0.185"
"274","2600","10","0","0","2600","5","2000","200","0.5","0.6","false","100","25","45","0","10","10","54","0","0","0.005"
"273","2600","10","0.2","0","2400","5","2000","200","0.5","0.6","false","100","25","45","0","10","10","140","5355","1439","0.20500000000000002"
"275","2600","10","0.01","0","2600","5","2000","200","0.5","0.6","false","100","25","45","0","10","10","70","0","0","0.015"
"272","2600","10","0.19","0","2400","5","2000","200","0.5","0.6","false","100","25","45","0","10","10","158","5389","1467","0.195"
"259","2600","10","0.06","0","2400","5","2000","200","0.5","0.6","false","100","25","45","0","10","10","581","6794","0","0.065"
"216","2600","10","0.05","0","2000","5","2000","200","0.5","0.6","false","100","25","45","0","10","10","1143","6804","0","0.055"
"276","2600","10","0.02","0","2600","5","2000","200","0.5","0.6","false","100","25","45","0","10","10","90","0","0","0.025"
"277","2600","10","0.03","0","2600","5","2000","200","0.5","0.6","false","100","25","45","0","10","10","146","0","0","0.034999999999999996"
"283","2600","10","0.09","0","2600","5","2000","200","0.5","0.6","false","100","25","45","0","10","10","313","6800","0","0.095"
"237","2600","10","0.05","0","2200","5","2000","200","0.5","0.6","false","100","25","45","0","10","10","1092","6801","0","0.055"
"282","2600","10","0.08","0","2600","5","2000","200","0.5","0.6","false","100","25","45","0","10","10","374","6809","0","0.085"
"281","2600","10","0.07","0","2600","5","2000","200","0.5","0.6","false","100","25","45","0","10","10","428","6841","0","0.07500000000000001"
"284","2600","10","0.1","0","2600","5","2000","200","0.5","0.6","false","100","25","45","0","10","10","274","6827","0","0.10500000000000001"
"286","2600","10","0.12","0","2600","5","2000","200","0.5","0.6","false","100","25","45","0","10","10","234","6540","251","0.125"
"285","2600","10","0.11","0","2600","5","2000","200","0.5","0.6","false","100","25","45","0","10","10","279","6222","597","0.115"
"287","2600","10","0.13","0","2600","5","2000","200","0.5","0.6","false","100","25","45","0","10","10","219","6027","778","0.135"
"289","2600","10","0.15","0","2600","5","2000","200","0.5","0.6","false","100","25","45","0","10","10","181","6627","193","0.155"
"288","2600","10","0.14","0","2600","5","2000","200","0.5","0.6","false","100","25","45","0","10","10","206","5928","861","0.14500000000000002"
"290","2600","10","0.16","0","2600","5","2000","200","0.5","0.6","false","100","25","45","0","10","10","193","5018","1809","0.165"
"291","2600","10","0.17","0","2600","5","2000","200","0.5","0.6","false","100","25","45","0","10","10","168","5596","1253","0.17500000000000002"
"295","2600","10","0","0","2800","5","2000","200","0.5","0.6","false","100","25","45","0","10","10","35","0","0","0.005"
"292","2600","10","0.18","0","2600","5","2000","200","0.5","0.6","false","100","25","45","0","10","10","165","4852","2060","0.185"
"293","2600","10","0.19","0","2600","5","2000","200","0.5","0.6","false","100","25","45","0","10","10","156","5058","1779","0.195"
"294","2600","10","0.2","0","2600","5","2000","200","0.5","0.6","false","100","25","45","0","10","10","141","6191","618","0.20500000000000002"
"280","2600","10","0.06","0","2600","5","2000","200","0.5","0.6","false","100","25","45","0","10","10","611","6808","0","0.065"
"296","2600","10","0.01","0","2800","5","2000","200","0.5","0.6","false","100","25","45","0","10","10","53","0","0","0.015"
"297","2600","10","0.02","0","2800","5","2000","200","0.5","0.6","false","100","25","45","0","10","10","87","0","0","0.025"
"298","2600","10","0.03","0","2800","5","2000","200","0.5","0.6","false","100","25","45","0","10","10","202","0","0","0.034999999999999996"
"258","2600","10","0.05","0","2400","5","2000","200","0.5","0.6","false","100","25","45","0","10","10","1097","6799","0","0.055"
"304","2600","10","0.09","0","2800","5","2000","200","0.5","0.6","false","100","25","45","0","10","10","311","6793","20","0.095"
"303","2600","10","0.08","0","2800","5","2000","200","0.5","0.6","false","100","25","45","0","10","10","386","6831","0","0.085"
"302","2600","10","0.07","0","2800","5","2000","200","0.5","0.6","false","100","25","45","0","10","10","451","6820","0","0.07500000000000001"
"305","2600","10","0.1","0","2800","5","2000","200","0.5","0.6","false","100","25","45","0","10","10","300","6543","269","0.10500000000000001"
"306","2600","10","0.11","0","2800","5","2000","200","0.5","0.6","false","100","25","45","0","10","10","250","6805","6","0.115"
"301","2600","10","0.06","0","2800","5","2000","200","0.5","0.6","false","100","25","45","0","10","10","553","6793","0","0.065"
"307","2600","10","0.12","0","2800","5","2000","200","0.5","0.6","false","100","25","45","0","10","10","295","5421","1373","0.125"
"308","2600","10","0.13","0","2800","5","2000","200","0.5","0.6","false","100","25","45","0","10","10","230","6238","575","0.135"
"299","2600","10","0.04","0","2800","5","2000","200","0.5","0.6","false","100","25","45","0","10","10","669","0","0","0.045"
"309","2600","10","0.14","0","2800","5","2000","200","0.5","0.6","false","100","25","45","0","10","10","210","6128","676","0.14500000000000002"
"310","2600","10","0.15","0","2800","5","2000","200","0.5","0.6","false","100","25","45","0","10","10","183","6739","52","0.155"
"311","2600","10","0.16","0","2800","5","2000","200","0.5","0.6","false","100","25","45","0","10","10","176","6099","717","0.165"
"316","2600","10","0","0","3000","5","2000","200","0.5","0.6","false","100","25","45","0","10","10","45","0","0","0.005"
"312","2600","10","0.17","0","2800","5","2000","200","0.5","0.6","false","100","25","45","0","10","10","157","6776","27","0.17500000000000002"
"317","2600","10","0.01","0","3000","5","2000","200","0.5","0.6","false","100","25","45","0","10","10","63","0","0","0.015"
"314","2600","10","0.19","0","2800","5","2000","200","0.5","0.6","false","100","25","45","0","10","10","149","5363","1442","0.195"
"313","2600","10","0.18","0","2800","5","2000","200","0.5","0.6","false","100","25","45","0","10","10","169","5254","1601","0.185"
"318","2600","10","0.02","0","3000","5","2000","200","0.5","0.6","false","100","25","45","0","10","10","67","0","0","0.025"
"315","2600","10","0.2","0","2800","5","2000","200","0.5","0.6","false","100","25","45","0","10","10","147","5380","1439","0.20500000000000002"
"319","2600","10","0.03","0","3000","5","2000","200","0.5","0.6","false","100","25","45","0","10","10","105","0","0","0.034999999999999996"
"236","2600","10","0.04","0","2200","5","2000","200","0.5","0.6","false","100","25","45","0","10","10","1698","0","0","0.045"
"279","2600","10","0.05","0","2600","5","2000","200","0.5","0.6","false","100","25","45","0","10","10","1091","6789","0","0.055"
"324","2600","10","0.08","0","3000","5","2000","200","0.5","0.6","false","100","25","45","0","10","10","368","6797","0","0.085"
"325","2600","10","0.09","0","3000","5","2000","200","0.5","0.6","false","100","25","45","0","10","10","309","6823","0","0.095"
"326","2600","10","0.1","0","3000","5","2000","200","0.5","0.6","false","100","25","45","0","10","10","287","6771","28","0.10500000000000001"
"323","2600","10","0.07","0","3000","5","2000","200","0.5","0.6","false","100","25","45","0","10","10","430","6806","0","0.07500000000000001"
"328","2600","10","0.12","0","3000","5","2000","200","0.5","0.6","false","100","25","45","0","10","10","228","6796","14","0.125"
"327","2600","10","0.11","0","3000","5","2000","200","0.5","0.6","false","100","25","45","0","10","10","252","6772","56","0.115"
"329","2600","10","0.13","0","3000","5","2000","200","0.5","0.6","false","100","25","45","0","10","10","222","6657","167","0.135"
"330","2600","10","0.14","0","3000","5","2000","200","0.5","0.6","false","100","25","45","0","10","10","192","6546","262","0.14500000000000002"
"331","2600","10","0.15","0","3000","5","2000","200","0.5","0.6","false","100","25","45","0","10","10","184","6588","268","0.155"
"332","2600","10","0.16","0","3000","5","2000","200","0.5","0.6","false","100","25","45","0","10","10","183","6207","637","0.165"
"333","2600","10","0.17","0","3000","5","2000","200","0.5","0.6","false","100","25","45","0","10","10","166","5859","973","0.17500000000000002"
"322","2600","10","0.06","0","3000","5","2000","200","0.5","0.6","false","100","25","45","0","10","10","601","6808","0","0.065"
"334","2600","10","0.18","0","3000","5","2000","200","0.5","0.6","false","100","25","45","0","10","10","156","6502","322","0.185"
"337","2600","10","0","0","3200","5","2000","200","0.5","0.6","false","100","25","45","0","10","10","64","0","0","0.005"
"300","2600","10","0.05","0","2800","5","2000","200","0.5","0.6","false","100","25","45","0","10","10","976","6811","0","0.055"
"338","2600","10","0.01","0","3200","5","2000","200","0.5","0.6","false","100","25","45","0","10","10","84","0","0","0.015"
"336","2600","10","0.2","0","3000","5","2000","200","0.5","0.6","false","100","25","45","0","10","10","150","5201","1608","0.20500000000000002"
"339","2600","10","0.02","0","3200","5","2000","200","0.5","0.6","false","100","25","45","0","10","10","126","0","0","0.025"
"335","2600","10","0.19","0","3000","5","2000","200","0.5","0.6","false","100","25","45","0","10","10","156","5547","1287","0.195"
"340","2600","10","0.03","0","3200","5","2000","200","0.5","0.6","false","100","25","45","0","10","10","118","0","0","0.034999999999999996"
"257","2600","10","0.04","0","2400","5","2000","200","0.5","0.6","false","100","25","45","0","10","10","1677","0","0","0.045"
"346","2600","10","0.09","0","3200","5","2000","200","0.5","0.6","false","100","25","45","0","10","10","309","6797","0","0.095"
"347","2600","10","0.1","0","3200","5","2000","200","0.5","0.6","false","100","25","45","0","10","10","273","6799","0","0.10500000000000001"
"345","2600","10","0.08","0","3200","5","2000","200","0.5","0.6","false","100","25","45","0","10","10","368","6791","0","0.085"
"348","2600","10","0.11","0","3200","5","2000","200","0.5","0.6","false","100","25","45","0","10","10","259","6810","50","0.115"
"344","2600","10","0.07","0","3200","5","2000","200","0.5","0.6","false","100","25","45","0","10","10","432","6820","0","0.07500000000000001"
"349","2600","10","0.12","0","3200","5","2000","200","0.5","0.6","false","100","25","45","0","10","10","243","6695","141","0.125"
"350","2600","10","0.13","0","3200","5","2000","200","0.5","0.6","false","100","25","45","0","10","10","222","6322","512","0.135"
"341","2600","10","0.04","0","3200","5","2000","200","0.5","0.6","false","100","25","45","0","10","10","540","0","0","0.045"
"351","2600","10","0.14","0","3200","5","2000","200","0.5","0.6","false","100","25","45","0","10","10","189","6853","0","0.14500000000000002"
"352","2600","10","0.15","0","3200","5","2000","200","0.5","0.6","false","100","25","45","0","10","10","197","6255","565","0.155"
"353","2600","10","0.16","0","3200","5","2000","200","0.5","0.6","false","100","25","45","0","10","10","185","6078","799","0.165"
"354","2600","10","0.17","0","3200","5","2000","200","0.5","0.6","false","100","25","45","0","10","10","165","6572","320","0.17500000000000002"
"358","2600","10","0","0","3400","5","2000","200","0.5","0.6","false","100","25","45","0","10","10","46","0","0","0.005"
"355","2600","10","0.18","0","3200","5","2000","200","0.5","0.6","false","100","25","45","0","10","10","165","5841","961","0.185"
"215","2600","10","0.04","0","2000","5","2000","200","0.5","0.6","false","100","25","45","0","10","10","2467","0","0","0.045"
"359","2600","10","0.01","0","3400","5","2000","200","0.5","0.6","false","100","25","45","0","10","10","59","0","0","0.015"
"360","2600","10","0.02","0","3400","5","2000","200","0.5","0.6","false","100","25","45","0","10","10","79","0","0","0.025"
"356","2600","10","0.19","0","3200","5","2000","200","0.5","0.6","false","100","25","45","0","10","10","152","5869","956","0.195"
"357","2600","10","0.2","0","3200","5","2000","200","0.5","0.6","false","100","25","45","0","10","10","140","5990","803","0.20500000000000002"
"343","2600","10","0.06","0","3200","5","2000","200","0.5","0.6","false","100","25","45","0","10","10","577","6794","0","0.065"
"361","2600","10","0.03","0","3400","5","2000","200","0.5","0.6","false","100","25","45","0","10","10","226","0","0","0.034999999999999996"
"320","2600","10","0.04","0","3000","5","2000","200","0.5","0.6","false","100","25","45","0","10","10","1027","0","0","0.045"
"321","2600","10","0.05","0","3000","5","2000","200","0.5","0.6","false","100","25","45","0","10","10","1035","6790","0","0.055"
"369","2600","10","0.11","0","3400","5","2000","200","0.5","0.6","false","100","25","45","0","10","10","264","6671","134","0.115"
"367","2600","10","0.09","0","3400","5","2000","200","0.5","0.6","false","100","25","45","0","10","10","325","6814","0","0.095"
"368","2600","10","0.1","0","3400","5","2000","200","0.5","0.6","false","100","25","45","0","10","10","278","6802","0","0.10500000000000001"
"366","2600","10","0.08","0","3400","5","2000","200","0.5","0.6","false","100","25","45","0","10","10","366","6828","0","0.085"
"371","2600","10","0.13","0","3400","5","2000","200","0.5","0.6","false","100","25","45","0","10","10","207","6844","0","0.135"
"370","2600","10","0.12","0","3400","5","2000","200","0.5","0.6","false","100","25","45","0","10","10","267","6387","412","0.125"
"372","2600","10","0.14","0","3400","5","2000","200","0.5","0.6","false","100","25","45","0","10","10","224","5824","992","0.14500000000000002"
"373","2600","10","0.15","0","3400","5","2000","200","0.5","0.6","false","100","25","45","0","10","10","193","6372","455","0.155"
"374","2600","10","0.16","0","3400","5","2000","200","0.5","0.6","false","100","25","45","0","10","10","183","6486","415","0.165"
"365","2600","10","0.07","0","3400","5","2000","200","0.5","0.6","false","100","25","45","0","10","10","457","6790","0","0.07500000000000001"
"379","2600","10","0","0","3600","5","2000","200","0.5","0.6","false","100","25","45","0","10","10","46","0","0","0.005"
"380","2600","10","0.01","0","3600","5","2000","200","0.5","0.6","false","100","25","45","0","10","10","52","0","0","0.015"
"375","2600","10","0.17","0","3400","5","2000","200","0.5","0.6","false","100","25","45","0","10","10","167","6482","347","0.17500000000000002"
"376","2600","10","0.18","0","3400","5","2000","200","0.5","0.6","false","100","25","45","0","10","10","165","6073","762","0.185"
"381","2600","10","0.02","0","3600","5","2000","200","0.5","0.6","false","100","25","45","0","10","10","94","0","0","0.025"
"377","2600","10","0.19","0","3400","5","2000","200","0.5","0.6","false","100","25","45","0","10","10","153","6279","575","0.195"
"378","2600","10","0.2","0","3400","5","2000","200","0.5","0.6","false","100","25","45","0","10","10","157","5382","1458","0.20500000000000002"
"382","2600","10","0.03","0","3600","5","2000","200","0.5","0.6","false","100","25","45","0","10","10","129","0","0","0.034999999999999996"
"364","2600","10","0.06","0","3400","5","2000","200","0.5","0.6","false","100","25","45","0","10","10","571","6815","0","0.065"
"383","2600","10","0.04","0","3600","5","2000","200","0.5","0.6","false","100","25","45","0","10","10","354","0","0","0.045"
"388","2600","10","0.09","0","3600","5","2000","200","0.5","0.6","false","100","25","45","0","10","10","308","6828","0","0.095"
"387","2600","10","0.08","0","3600","5","2000","200","0.5","0.6","false","100","25","45","0","10","10","361","6845","0","0.085"
"362","2600","10","0.04","0","3400","5","2000","200","0.5","0.6","false","100","25","45","0","10","10","710","0","0","0.045"
"389","2600","10","0.1","0","3600","5","2000","200","0.5","0.6","false","100","25","45","0","10","10","283","6803","0","0.10500000000000001"
"390","2600","10","0.11","0","3600","5","2000","200","0.5","0.6","false","100","25","45","0","10","10","252","6841","16","0.115"
"391","2600","10","0.12","0","3600","5","2000","200","0.5","0.6","false","100","25","45","0","10","10","256","6582","215","0.125"
"393","2600","10","0.14","0","3600","5","2000","200","0.5","0.6","false","100","25","45","0","10","10","194","6689","101","0.14500000000000002"
"392","2600","10","0.13","0","3600","5","2000","200","0.5","0.6","false","100","25","45","0","10","10","210","6797","0","0.135"
"194","2600","10","0.04","0","1800","5","2000","200","0.5","0.6","false","100","25","45","0","10","10","3294","0","0","0.045"
"342","2600","10","0.05","0","3200","5","2000","200","0.5","0.6","false","100","25","45","0","10","10","1076","6791","0","0.055"
"386","2600","10","0.07","0","3600","5","2000","200","0.5","0.6","false","100","25","45","0","10","10","460","6802","0","0.07500000000000001"
"394","2600","10","0.15","0","3600","5","2000","200","0.5","0.6","false","100","25","45","0","10","10","194","6431","399","0.155"
"400","2600","10","0","0","3800","5","2000","200","0.5","0.6","false","100","25","45","0","10","10","49","0","0","0.005"
"401","2600","10","0.01","0","3800","5","2000","200","0.5","0.6","false","100","25","45","0","10","10","50","0","0","0.015"
"395","2600","10","0.16","0","3600","5","2000","200","0.5","0.6","false","100","25","45","0","10","10","185","6141","704","0.165"
"402","2600","10","0.02","0","3800","5","2000","200","0.5","0.6","false","100","25","45","0","10","10","65","0","0","0.025"
"396","2600","10","0.17","0","3600","5","2000","200","0.5","0.6","false","100","25","45","0","10","10","175","6075","781","0.17500000000000002"
"397","2600","10","0.18","0","3600","5","2000","200","0.5","0.6","false","100","25","45","0","10","10","158","6101","740","0.185"
"398","2600","10","0.19","0","3600","5","2000","200","0.5","0.6","false","100","25","45","0","10","10","147","6482","371","0.195"
"399","2600","10","0.2","0","3600","5","2000","200","0.5","0.6","false","100","25","45","0","10","10","159","4215","2607","0.20500000000000002"
"403","2600","10","0.03","0","3800","5","2000","200","0.5","0.6","false","100","25","45","0","10","10","152","0","0","0.034999999999999996"
"404","2600","10","0.04","0","3800","5","2000","200","0.5","0.6","false","100","25","45","0","10","10","292","0","0","0.045"
"411","2600","10","0.11","0","3800","5","2000","200","0.5","0.6","false","100","25","45","0","10","10","240","6820","0","0.115"
"385","2600","10","0.06","0","3600","5","2000","200","0.5","0.6","false","100","25","45","0","10","10","612","6792","0","0.065"
"410","2600","10","0.1","0","3800","5","2000","200","0.5","0.6","false","100","25","45","0","10","10","273","6801","0","0.10500000000000001"
"409","2600","10","0.09","0","3800","5","2000","200","0.5","0.6","false","100","25","45","0","10","10","332","6816","0","0.095"
"413","2600","10","0.13","0","3800","5","2000","200","0.5","0.6","false","100","25","45","0","10","10","219","6612","220","0.135"
"415","2600","10","0.15","0","3800","5","2000","200","0.5","0.6","false","100","25","45","0","10","10","187","6729","74","0.155"
"412","2600","10","0.12","0","3800","5","2000","200","0.5","0.6","false","100","25","45","0","10","10","236","6806","27","0.125"
"408","2600","10","0.08","0","3800","5","2000","200","0.5","0.6","false","100","25","45","0","10","10","357","6875","0","0.085"
"414","2600","10","0.14","0","3800","5","2000","200","0.5","0.6","false","100","25","45","0","10","10","204","6443","367","0.14500000000000002"
"421","2600","10","0","0","4000","5","2000","200","0.5","0.6","false","100","25","45","0","10","10","50","0","0","0.005"
"417","2600","10","0.17","0","3800","5","2000","200","0.5","0.6","false","100","25","45","0","10","10","167","6273","516","0.17500000000000002"
"416","2600","10","0.16","0","3800","5","2000","200","0.5","0.6","false","100","25","45","0","10","10","184","6097","776","0.165"
"422","2600","10","0.01","0","4000","5","2000","200","0.5","0.6","false","100","25","45","0","10","10","54","0","0","0.015"
"418","2600","10","0.18","0","3800","5","2000","200","0.5","0.6","false","100","25","45","0","10","10","151","6830","65","0.185"
"419","2600","10","0.19","0","3800","5","2000","200","0.5","0.6","false","100","25","45","0","10","10","149","6503","312","0.195"
"420","2600","10","0.2","0","3800","5","2000","200","0.5","0.6","false","100","25","45","0","10","10","141","6415","380","0.20500000000000002"
"423","2600","10","0.02","0","4000","5","2000","200","0.5","0.6","false","100","25","45","0","10","10","85","0","0","0.025"
"407","2600","10","0.07","0","3800","5","2000","200","0.5","0.6","false","100","25","45","0","10","10","437","6812","0","0.07500000000000001"
"424","2600","10","0.03","0","4000","5","2000","200","0.5","0.6","false","100","25","45","0","10","10","138","0","0","0.034999999999999996"
"431","2600","10","0.1","0","4000","5","2000","200","0.5","0.6","false","100","25","45","0","10","10","272","6794","8","0.10500000000000001"
"363","2600","10","0.05","0","3400","5","2000","200","0.5","0.6","false","100","25","45","0","10","10","1034","6810","0","0.055"
"430","2600","10","0.09","0","4000","5","2000","200","0.5","0.6","false","100","25","45","0","10","10","317","6849","0","0.095"
"429","2600","10","0.08","0","4000","5","2000","200","0.5","0.6","false","100","25","45","0","10","10","371","6860","0","0.085"
"406","2600","10","0.06","0","3800","5","2000","200","0.5","0.6","false","100","25","45","0","10","10","602","6804","0","0.065"
"432","2600","10","0.11","0","4000","5","2000","200","0.5","0.6","false","100","25","45","0","10","10","263","6788","7","0.115"
"433","2600","10","0.12","0","4000","5","2000","200","0.5","0.6","false","100","25","45","0","10","10","247","6572","217","0.125"
"435","2600","10","0.14","0","4000","5","2000","200","0.5","0.6","false","100","25","45","0","10","10","203","6790","21","0.14500000000000002"
"434","2600","10","0.13","0","4000","5","2000","200","0.5","0.6","false","100","25","45","0","10","10","210","6817","0","0.135"
"436","2600","10","0.15","0","4000","5","2000","200","0.5","0.6","false","100","25","45","0","10","10","182","6803","0","0.155"
"428","2600","10","0.07","0","4000","5","2000","200","0.5","0.6","false","100","25","45","0","10","10","450","6790","0","0.07500000000000001"
"442","2600","10","0","0","4200","5","2000","200","0.5","0.6","false","100","25","45","0","10","10","53","0","0","0.005"
"439","2600","10","0.18","0","4000","5","2000","200","0.5","0.6","false","100","25","45","0","10","10","161","6460","338","0.185"
"440","2600","10","0.19","0","4000","5","2000","200","0.5","0.6","false","100","25","45","0","10","10","147","6273","527","0.195"
"441","2600","10","0.2","0","4000","5","2000","200","0.5","0.6","false","100","25","45","0","10","10","137","6692","161","0.20500000000000002"
"443","2600","10","0.01","0","4200","5","2000","200","0.5","0.6","false","100","25","45","0","10","10","54","0","0","0.015"
"437","2600","10","0.16","0","4000","5","2000","200","0.5","0.6","false","100","25","45","0","10","10","169","6646","148","0.165"
"438","2600","10","0.17","0","4000","5","2000","200","0.5","0.6","false","100","25","45","0","10","10","161","6809","5","0.17500000000000002"
"444","2600","10","0.02","0","4200","5","2000","200","0.5","0.6","false","100","25","45","0","10","10","110","0","0","0.025"
"445","2600","10","0.03","0","4200","5","2000","200","0.5","0.6","false","100","25","45","0","10","10","182","0","0","0.034999999999999996"
"427","2600","10","0.06","0","4000","5","2000","200","0.5","0.6","false","100","25","45","0","10","10","594","6793","0","0.065"
"384","2600","10","0.05","0","3600","5","2000","200","0.5","0.6","false","100","25","45","0","10","10","1062","6795","0","0.055"
"450","2600","10","0.08","0","4200","5","2000","200","0.5","0.6","false","100","25","45","0","10","10","367","6835","0","0.085"
"446","2600","10","0.04","0","4200","5","2000","200","0.5","0.6","false","100","25","45","0","10","10","398","0","0","0.045"
"451","2600","10","0.09","0","4200","5","2000","200","0.5","0.6","false","100","25","45","0","10","10","313","6820","0","0.095"
"452","2600","10","0.1","0","4200","5","2000","200","0.5","0.6","false","100","25","45","0","10","10","275","6840","0","0.10500000000000001"
"453","2600","10","0.11","0","4200","5","2000","200","0.5","0.6","false","100","25","45","0","10","10","247","6789","0","0.115"
"456","2600","10","0.14","0","4200","5","2000","200","0.5","0.6","false","100","25","45","0","10","10","199","6762","60","0.14500000000000002"
"449","2600","10","0.07","0","4200","5","2000","200","0.5","0.6","false","100","25","45","0","10","10","446","6808","0","0.07500000000000001"
"455","2600","10","0.13","0","4200","5","2000","200","0.5","0.6","false","100","25","45","0","10","10","223","6698","130","0.135"
"454","2600","10","0.12","0","4200","5","2000","200","0.5","0.6","false","100","25","45","0","10","10","278","6611","219","0.125"
"457","2600","10","0.15","0","4200","5","2000","200","0.5","0.6","false","100","25","45","0","10","10","187","6708","85","0.155"
"463","2600","10","0","0","4400","5","2000","200","0.5","0.6","false","100","25","45","0","10","10","47","0","0","0.005"
"405","2600","10","0.05","0","3800","5","2000","200","0.5","0.6","false","100","25","45","0","10","10","963","6794","0","0.055"
"458","2600","10","0.16","0","4200","5","2000","200","0.5","0.6","false","100","25","45","0","10","10","196","5961","839","0.165"
"464","2600","10","0.01","0","4400","5","2000","200","0.5","0.6","false","100","25","45","0","10","10","52","0","0","0.015"
"278","2600","10","0.04","0","2600","5","2000","200","0.5","0.6","false","100","25","45","0","10","10","2633","0","0","0.045"
"460","2600","10","0.18","0","4200","5","2000","200","0.5","0.6","false","100","25","45","0","10","10","155","6508","313","0.185"
"461","2600","10","0.19","0","4200","5","2000","200","0.5","0.6","false","100","25","45","0","10","10","149","6406","454","0.195"
"459","2600","10","0.17","0","4200","5","2000","200","0.5","0.6","false","100","25","45","0","10","10","167","6608","186","0.17500000000000002"
"462","2600","10","0.2","0","4200","5","2000","200","0.5","0.6","false","100","25","45","0","10","10","158","5557","1265","0.20500000000000002"
"466","2600","10","0.03","0","4400","5","2000","200","0.5","0.6","false","100","25","45","0","10","10","122","0","0","0.034999999999999996"
"425","2600","10","0.04","0","4000","5","2000","200","0.5","0.6","false","100","25","45","0","10","10","814","0","0","0.045"
"465","2600","10","0.02","0","4400","5","2000","200","0.5","0.6","false","100","25","45","0","10","10","149","0","0","0.025"
"475","2600","10","0.12","0","4400","5","2000","200","0.5","0.6","false","100","25","45","0","10","10","236","6795","5","0.125"
"448","2600","10","0.06","0","4200","5","2000","200","0.5","0.6","false","100","25","45","0","10","10","602","6808","0","0.065"
"474","2600","10","0.11","0","4400","5","2000","200","0.5","0.6","false","100","25","45","0","10","10","252","6816","0","0.115"
"473","2600","10","0.1","0","4400","5","2000","200","0.5","0.6","false","100","25","45","0","10","10","277","6808","0","0.10500000000000001"
"472","2600","10","0.09","0","4400","5","2000","200","0.5","0.6","false","100","25","45","0","10","10","330","6825","0","0.095"
"477","2600","10","0.14","0","4400","5","2000","200","0.5","0.6","false","100","25","45","0","10","10","188","6822","0","0.14500000000000002"
"467","2600","10","0.04","0","4400","5","2000","200","0.5","0.6","false","100","25","45","0","10","10","379","0","0","0.045"
"476","2600","10","0.13","0","4400","5","2000","200","0.5","0.6","false","100","25","45","0","10","10","207","6725","82","0.135"
"471","2600","10","0.08","0","4400","5","2000","200","0.5","0.6","false","100","25","45","0","10","10","355","6791","0","0.085"
"478","2600","10","0.15","0","4400","5","2000","200","0.5","0.6","false","100","25","45","0","10","10","184","6840","12","0.155"
"484","2600","10","0","0","4600","5","2000","200","0.5","0.6","false","100","25","45","0","10","10","47","0","0","0.005"
"479","2600","10","0.16","0","4400","5","2000","200","0.5","0.6","false","100","25","45","0","10","10","180","6438","412","0.165"
"480","2600","10","0.17","0","4400","5","2000","200","0.5","0.6","false","100","25","45","0","10","10","168","6535","262","0.17500000000000002"
"485","2600","10","0.01","0","4600","5","2000","200","0.5","0.6","false","100","25","45","0","10","10","75","0","0","0.015"
"486","2600","10","0.02","0","4600","5","2000","200","0.5","0.6","false","100","25","45","0","10","10","71","0","0","0.025"
"481","2600","10","0.18","0","4400","5","2000","200","0.5","0.6","false","100","25","45","0","10","10","160","6490","342","0.185"
"482","2600","10","0.19","0","4400","5","2000","200","0.5","0.6","false","100","25","45","0","10","10","148","6678","127","0.195"
"483","2600","10","0.2","0","4400","5","2000","200","0.5","0.6","false","100","25","45","0","10","10","159","5337","1480","0.20500000000000002"
"487","2600","10","0.03","0","4600","5","2000","200","0.5","0.6","false","100","25","45","0","10","10","132","0","0","0.034999999999999996"
"470","2600","10","0.07","0","4400","5","2000","200","0.5","0.6","false","100","25","45","0","10","10","449","6818","0","0.07500000000000001"
"494","2600","10","0.1","0","4600","5","2000","200","0.5","0.6","false","100","25","45","0","10","10","272","6800","0","0.10500000000000001"
"495","2600","10","0.11","0","4600","5","2000","200","0.5","0.6","false","100","25","45","0","10","10","254","6794","0","0.115"
"493","2600","10","0.09","0","4600","5","2000","200","0.5","0.6","false","100","25","45","0","10","10","341","6808","0","0.095"
"492","2600","10","0.08","0","4600","5","2000","200","0.5","0.6","false","100","25","45","0","10","10","376","6823","0","0.085"
"469","2600","10","0.06","0","4400","5","2000","200","0.5","0.6","false","100","25","45","0","10","10","583","6819","0","0.065"
"496","2600","10","0.12","0","4600","5","2000","200","0.5","0.6","false","100","25","45","0","10","10","228","6790","0","0.125"
"497","2600","10","0.13","0","4600","5","2000","200","0.5","0.6","false","100","25","45","0","10","10","218","6794","49","0.135"
"498","2600","10","0.14","0","4600","5","2000","200","0.5","0.6","false","100","25","45","0","10","10","233","6517","290","0.14500000000000002"
"491","2600","10","0.07","0","4600","5","2000","200","0.5","0.6","false","100","25","45","0","10","10","430","6802","0","0.07500000000000001"
"426","2600","10","0.05","0","4000","5","2000","200","0.5","0.6","false","100","25","45","0","10","10","1085","6791","0","0.055"
"501","2600","10","0.17","0","4600","5","2000","200","0.5","0.6","false","100","25","45","0","10","10","173","6577","237","0.17500000000000002"
"500","2600","10","0.16","0","4600","5","2000","200","0.5","0.6","false","100","25","45","0","10","10","176","6819","9","0.165"
"499","2600","10","0.15","0","4600","5","2000","200","0.5","0.6","false","100","25","45","0","10","10","190","6738","66","0.155"
"505","2600","10","0","0","4800","5","2000","200","0.5","0.6","false","100","25","45","0","10","10","46","0","0","0.005"
"506","2600","10","0.01","0","4800","5","2000","200","0.5","0.6","false","100","25","45","0","10","10","48","0","0","0.015"
"503","2600","10","0.19","0","4600","5","2000","200","0.5","0.6","false","100","25","45","0","10","10","150","6547","257","0.195"
"502","2600","10","0.18","0","4600","5","2000","200","0.5","0.6","false","100","25","45","0","10","10","158","6500","327","0.185"
"507","2600","10","0.02","0","4800","5","2000","200","0.5","0.6","false","100","25","45","0","10","10","120","0","0","0.025"
"504","2600","10","0.2","0","4600","5","2000","200","0.5","0.6","false","100","25","45","0","10","10","160","5598","1281","0.20500000000000002"
"508","2600","10","0.03","0","4800","5","2000","200","0.5","0.6","false","100","25","45","0","10","10","154","0","0","0.034999999999999996"
"490","2600","10","0.06","0","4600","5","2000","200","0.5","0.6","false","100","25","45","0","10","10","590","6849","0","0.065"
"515","2600","10","0.1","0","4800","5","2000","200","0.5","0.6","false","100","25","45","0","10","10","268","6813","0","0.10500000000000001"
"514","2600","10","0.09","0","4800","5","2000","200","0.5","0.6","false","100","25","45","0","10","10","320","6791","0","0.095"
"513","2600","10","0.08","0","4800","5","2000","200","0.5","0.6","false","100","25","45","0","10","10","363","6791","0","0.085"
"517","2600","10","0.12","0","4800","5","2000","200","0.5","0.6","false","100","25","45","0","10","10","228","6842","0","0.125"
"516","2600","10","0.11","0","4800","5","2000","200","0.5","0.6","false","100","25","45","0","10","10","248","6840","0","0.115"
"518","2600","10","0.13","0","4800","5","2000","200","0.5","0.6","false","100","25","45","0","10","10","220","6814","0","0.135"
"512","2600","10","0.07","0","4800","5","2000","200","0.5","0.6","false","100","25","45","0","10","10","438","6806","0","0.07500000000000001"
"519","2600","10","0.14","0","4800","5","2000","200","0.5","0.6","false","100","25","45","0","10","10","210","6769","20","0.14500000000000002"
"520","2600","10","0.15","0","4800","5","2000","200","0.5","0.6","false","100","25","45","0","10","10","186","6764","35","0.155"
"521","2600","10","0.16","0","4800","5","2000","200","0.5","0.6","false","100","25","45","0","10","10","187","6619","228","0.165"
"522","2600","10","0.17","0","4800","5","2000","200","0.5","0.6","false","100","25","45","0","10","10","167","6642","159","0.17500000000000002"
"526","2600","10","0","0","5000","5","2000","200","0.5","0.6","false","100","25","45","0","10","10","46","0","0","0.005"
"527","2600","10","0.01","0","5000","5","2000","200","0.5","0.6","false","100","25","45","0","10","10","60","0","0","0.015"
"528","2600","10","0.02","0","5000","5","2000","200","0.5","0.6","false","100","25","45","0","10","10","82","0","0","0.025"
"525","2600","10","0.2","0","4800","5","2000","200","0.5","0.6","false","100","25","45","0","10","10","145","6494","311","0.20500000000000002"
"523","2600","10","0.18","0","4800","5","2000","200","0.5","0.6","false","100","25","45","0","10","10","164","6321","484","0.185"
"524","2600","10","0.19","0","4800","5","2000","200","0.5","0.6","false","100","25","45","0","10","10","152","6681","188","0.195"
"447","2600","10","0.05","0","4200","5","2000","200","0.5","0.6","false","100","25","45","0","10","10","1111","6808","0","0.055"
"529","2600","10","0.03","0","5000","5","2000","200","0.5","0.6","false","100","25","45","0","10","10","116","0","0","0.034999999999999996"
"509","2600","10","0.04","0","4800","5","2000","200","0.5","0.6","false","100","25","45","0","10","10","623","0","0","0.045"
"511","2600","10","0.06","0","4800","5","2000","200","0.5","0.6","false","100","25","45","0","10","10","642","6800","0","0.065"
"535","2600","10","0.09","0","5000","5","2000","200","0.5","0.6","false","100","25","45","0","10","10","323","6823","0","0.095"
"534","2600","10","0.08","0","5000","5","2000","200","0.5","0.6","false","100","25","45","0","10","10","361","6817","0","0.085"
"536","2600","10","0.1","0","5000","5","2000","200","0.5","0.6","false","100","25","45","0","10","10","275","6833","0","0.10500000000000001"
"537","2600","10","0.11","0","5000","5","2000","200","0.5","0.6","false","100","25","45","0","10","10","248","6790","0","0.115"
"538","2600","10","0.12","0","5000","5","2000","200","0.5","0.6","false","100","25","45","0","10","10","229","6791","0","0.125"
"539","2600","10","0.13","0","5000","5","2000","200","0.5","0.6","false","100","25","45","0","10","10","212","6797","3","0.135"
"540","2600","10","0.14","0","5000","5","2000","200","0.5","0.6","false","100","25","45","0","10","10","221","6718","151","0.14500000000000002"
"533","2600","10","0.07","0","5000","5","2000","200","0.5","0.6","false","100","25","45","0","10","10","457","6801","0","0.07500000000000001"
"542","2600","10","0.16","0","5000","5","2000","200","0.5","0.6","false","100","25","45","0","10","10","172","6696","124","0.165"
"541","2600","10","0.15","0","5000","5","2000","200","0.5","0.6","false","100","25","45","0","10","10","218","6189","618","0.155"
"547","2600","10","0","0","5200","5","2000","200","0.5","0.6","false","100","25","45","0","10","10","45","0","0","0.005"
"543","2600","10","0.17","0","5000","5","2000","200","0.5","0.6","false","100","25","45","0","10","10","165","6760","32","0.17500000000000002"
"545","2600","10","0.19","0","5000","5","2000","200","0.5","0.6","false","100","25","45","0","10","10","149","6650","188","0.195"
"544","2600","10","0.18","0","5000","5","2000","200","0.5","0.6","false","100","25","45","0","10","10","174","5977","852","0.185"
"548","2600","10","0.01","0","5200","5","2000","200","0.5","0.6","false","100","25","45","0","10","10","99","0","0","0.015"
"549","2600","10","0.02","0","5200","5","2000","200","0.5","0.6","false","100","25","45","0","10","10","99","0","0","0.025"
"546","2600","10","0.2","0","5000","5","2000","200","0.5","0.6","false","100","25","45","0","10","10","174","5102","1708","0.20500000000000002"
"550","2600","10","0.03","0","5200","5","2000","200","0.5","0.6","false","100","25","45","0","10","10","115","0","0","0.034999999999999996"
"532","2600","10","0.06","0","5000","5","2000","200","0.5","0.6","false","100","25","45","0","10","10","599","6808","0","0.065"
"551","2600","10","0.04","0","5200","5","2000","200","0.5","0.6","false","100","25","45","0","10","10","293","0","0","0.045"
"468","2600","10","0.05","0","4400","5","2000","200","0.5","0.6","false","100","25","45","0","10","10","1225","6808","0","0.055"
"489","2600","10","0.05","0","4600","5","2000","200","0.5","0.6","false","100","25","45","0","10","10","1088","6802","0","0.055"
"555","2600","10","0.08","0","5200","5","2000","200","0.5","0.6","false","100","25","45","0","10","10","368","6818","0","0.085"
"557","2600","10","0.1","0","5200","5","2000","200","0.5","0.6","false","100","25","45","0","10","10","285","6811","0","0.10500000000000001"
"556","2600","10","0.09","0","5200","5","2000","200","0.5","0.6","false","100","25","45","0","10","10","305","6793","0","0.095"
"558","2600","10","0.11","0","5200","5","2000","200","0.5","0.6","false","100","25","45","0","10","10","264","6790","0","0.115"
"559","2600","10","0.12","0","5200","5","2000","200","0.5","0.6","false","100","25","45","0","10","10","232","6817","0","0.125"
"554","2600","10","0.07","0","5200","5","2000","200","0.5","0.6","false","100","25","45","0","10","10","456","6794","0","0.07500000000000001"
"560","2600","10","0.13","0","5200","5","2000","200","0.5","0.6","false","100","25","45","0","10","10","213","6845","0","0.135"
"561","2600","10","0.14","0","5200","5","2000","200","0.5","0.6","false","100","25","45","0","10","10","209","6654","140","0.14500000000000002"
"563","2600","10","0.16","0","5200","5","2000","200","0.5","0.6","false","100","25","45","0","10","10","172","6818","19","0.165"
"562","2600","10","0.15","0","5200","5","2000","200","0.5","0.6","false","100","25","45","0","10","10","192","6668","142","0.155"
"564","2600","10","0.17","0","5200","5","2000","200","0.5","0.6","false","100","25","45","0","10","10","175","6544","281","0.17500000000000002"
"568","2600","10","0","0","5400","5","2000","200","0.5","0.6","false","100","25","45","0","10","10","48","0","0","0.005"
"569","2600","10","0.01","0","5400","5","2000","200","0.5","0.6","false","100","25","45","0","10","10","61","0","0","0.015"
"510","2600","10","0.05","0","4800","5","2000","200","0.5","0.6","false","100","25","45","0","10","10","1016","6838","0","0.055"
"488","2600","10","0.04","0","4600","5","2000","200","0.5","0.6","false","100","25","45","0","10","10","1294","0","0","0.045"
"566","2600","10","0.19","0","5200","5","2000","200","0.5","0.6","false","100","25","45","0","10","10","157","6488","371","0.195"
"565","2600","10","0.18","0","5200","5","2000","200","0.5","0.6","false","100","25","45","0","10","10","163","6548","255","0.185"
"570","2600","10","0.02","0","5400","5","2000","200","0.5","0.6","false","100","25","45","0","10","10","107","0","0","0.025"
"567","2600","10","0.2","0","5200","5","2000","200","0.5","0.6","false","100","25","45","0","10","10","173","5118","1695","0.20500000000000002"
"571","2600","10","0.03","0","5400","5","2000","200","0.5","0.6","false","100","25","45","0","10","10","181","0","0","0.034999999999999996"
"553","2600","10","0.06","0","5200","5","2000","200","0.5","0.6","false","100","25","45","0","10","10","576","6817","0","0.065"
"578","2600","10","0.1","0","5400","5","2000","200","0.5","0.6","false","100","25","45","0","10","10","278","6807","0","0.10500000000000001"
"579","2600","10","0.11","0","5400","5","2000","200","0.5","0.6","false","100","25","45","0","10","10","260","6845","0","0.115"
"577","2600","10","0.09","0","5400","5","2000","200","0.5","0.6","false","100","25","45","0","10","10","306","6804","0","0.095"
"580","2600","10","0.12","0","5400","5","2000","200","0.5","0.6","false","100","25","45","0","10","10","232","6814","0","0.125"
"576","2600","10","0.08","0","5400","5","2000","200","0.5","0.6","false","100","25","45","0","10","10","366","6808","0","0.085"
"582","2600","10","0.14","0","5400","5","2000","200","0.5","0.6","false","100","25","45","0","10","10","194","6835","0","0.14500000000000002"
"583","2600","10","0.15","0","5400","5","2000","200","0.5","0.6","false","100","25","45","0","10","10","187","6798","1","0.155"
"581","2600","10","0.13","0","5400","5","2000","200","0.5","0.6","false","100","25","45","0","10","10","217","6848","0","0.135"
"584","2600","10","0.16","0","5400","5","2000","200","0.5","0.6","false","100","25","45","0","10","10","170","6800","0","0.165"
"589","2600","10","0","0","5600","5","2000","200","0.5","0.6","false","100","25","45","0","10","10","46","0","0","0.005"
"585","2600","10","0.17","0","5400","5","2000","200","0.5","0.6","false","100","25","45","0","10","10","179","6607","264","0.17500000000000002"
"590","2600","10","0.01","0","5600","5","2000","200","0.5","0.6","false","100","25","45","0","10","10","50","0","0","0.015"
"586","2600","10","0.18","0","5400","5","2000","200","0.5","0.6","false","100","25","45","0","10","10","154","6828","2","0.185"
"587","2600","10","0.19","0","5400","5","2000","200","0.5","0.6","false","100","25","45","0","10","10","153","6536","334","0.195"
"588","2600","10","0.2","0","5400","5","2000","200","0.5","0.6","false","100","25","45","0","10","10","170","5511","1317","0.20500000000000002"
"591","2600","10","0.02","0","5600","5","2000","200","0.5","0.6","false","100","25","45","0","10","10","103","0","0","0.025"
"575","2600","10","0.07","0","5400","5","2000","200","0.5","0.6","false","100","25","45","0","10","10","448","6798","0","0.07500000000000001"
"592","2600","10","0.03","0","5600","5","2000","200","0.5","0.6","false","100","25","45","0","10","10","177","0","0","0.034999999999999996"
"531","2600","10","0.05","0","5000","5","2000","200","0.5","0.6","false","100","25","45","0","10","10","1037","6802","0","0.055"
"574","2600","10","0.06","0","5400","5","2000","200","0.5","0.6","false","100","25","45","0","10","10","578","6802","0","0.065"
"598","2600","10","0.09","0","5600","5","2000","200","0.5","0.6","false","100","25","45","0","10","10","309","6793","0","0.095"
"572","2600","10","0.04","0","5400","5","2000","200","0.5","0.6","false","100","25","45","0","10","10","623","0","0","0.045"
"599","2600","10","0.1","0","5600","5","2000","200","0.5","0.6","false","100","25","45","0","10","10","283","6807","0","0.10500000000000001"
"597","2600","10","0.08","0","5600","5","2000","200","0.5","0.6","false","100","25","45","0","10","10","373","6802","0","0.085"
"600","2600","10","0.11","0","5600","5","2000","200","0.5","0.6","false","100","25","45","0","10","10","246","6792","0","0.115"
"602","2600","10","0.13","0","5600","5","2000","200","0.5","0.6","false","100","25","45","0","10","10","218","6768","21","0.135"
"605","2600","10","0.16","0","5600","5","2000","200","0.5","0.6","false","100","25","45","0","10","10","167","6786","46","0.165"
"604","2600","10","0.15","0","5600","5","2000","200","0.5","0.6","false","100","25","45","0","10","10","173","6805","0","0.155"
"596","2600","10","0.07","0","5600","5","2000","200","0.5","0.6","false","100","25","45","0","10","10","454","6804","0","0.07500000000000001"
"603","2600","10","0.14","0","5600","5","2000","200","0.5","0.6","false","100","25","45","0","10","10","198","6800","0","0.14500000000000002"
"610","2600","10","0","0","5800","5","2000","200","0.5","0.6","false","100","25","45","0","10","10","47","0","0","0.005"
"611","2600","10","0.01","0","5800","5","2000","200","0.5","0.6","false","100","25","45","0","10","10","51","0","0","0.015"
"601","2600","10","0.12","0","5600","5","2000","200","0.5","0.6","false","100","25","45","0","10","10","297","6812","0","0.125"
"612","2600","10","0.02","0","5800","5","2000","200","0.5","0.6","false","100","25","45","0","10","10","69","0","0","0.025"
"608","2600","10","0.19","0","5600","5","2000","200","0.5","0.6","false","100","25","45","0","10","10","151","6666","141","0.195"
"607","2600","10","0.18","0","5600","5","2000","200","0.5","0.6","false","100","25","45","0","10","10","176","6041","783","0.185"
"609","2600","10","0.2","0","5600","5","2000","200","0.5","0.6","false","100","25","45","0","10","10","139","6811","31","0.20500000000000002"
"606","2600","10","0.17","0","5600","5","2000","200","0.5","0.6","false","100","25","45","0","10","10","170","6736","101","0.17500000000000002"
"613","2600","10","0.03","0","5800","5","2000","200","0.5","0.6","false","100","25","45","0","10","10","79","0","0","0.034999999999999996"
"595","2600","10","0.06","0","5600","5","2000","200","0.5","0.6","false","100","25","45","0","10","10","586","6793","0","0.065"
"619","2600","10","0.09","0","5800","5","2000","200","0.5","0.6","false","100","25","45","0","10","10","312","6806","0","0.095"
"552","2600","10","0.05","0","5200","5","2000","200","0.5","0.6","false","100","25","45","0","10","10","1050","6797","0","0.055"
"618","2600","10","0.08","0","5800","5","2000","200","0.5","0.6","false","100","25","45","0","10","10","372","6803","0","0.085"
"622","2600","10","0.12","0","5800","5","2000","200","0.5","0.6","false","100","25","45","0","10","10","230","6799","0","0.125"
"620","2600","10","0.1","0","5800","5","2000","200","0.5","0.6","false","100","25","45","0","10","10","291","6803","0","0.10500000000000001"
"621","2600","10","0.11","0","5800","5","2000","200","0.5","0.6","false","100","25","45","0","10","10","238","6838","0","0.115"
"617","2600","10","0.07","0","5800","5","2000","200","0.5","0.6","false","100","25","45","0","10","10","447","6789","0","0.07500000000000001"
"623","2600","10","0.13","0","5800","5","2000","200","0.5","0.6","false","100","25","45","0","10","10","214","6820","0","0.135"
"624","2600","10","0.14","0","5800","5","2000","200","0.5","0.6","false","100","25","45","0","10","10","205","6829","5","0.14500000000000002"
"625","2600","10","0.15","0","5800","5","2000","200","0.5","0.6","false","100","25","45","0","10","10","185","6802","0","0.155"
"626","2600","10","0.16","0","5800","5","2000","200","0.5","0.6","false","100","25","45","0","10","10","197","6518","317","0.165"
"627","2600","10","0.17","0","5800","5","2000","200","0.5","0.6","false","100","25","45","0","10","10","173","6749","76","0.17500000000000002"
"631","2600","10","0","0","6000","5","2000","200","0.5","0.6","false","100","25","45","0","10","10","47","0","0","0.005"
"632","2600","10","0.01","0","6000","5","2000","200","0.5","0.6","false","100","25","45","0","10","10","69","0","0","0.015"
"628","2600","10","0.18","0","5800","5","2000","200","0.5","0.6","false","100","25","45","0","10","10","165","6484","315","0.185"
"630","2600","10","0.2","0","5800","5","2000","200","0.5","0.6","false","100","25","45","0","10","10","145","6504","321","0.20500000000000002"
"633","2600","10","0.02","0","6000","5","2000","200","0.5","0.6","false","100","25","45","0","10","10","98","0","0","0.025"
"629","2600","10","0.19","0","5800","5","2000","200","0.5","0.6","false","100","25","45","0","10","10","151","6631","174","0.195"
"634","2600","10","0.03","0","6000","5","2000","200","0.5","0.6","false","100","25","45","0","10","10","193","0","0","0.034999999999999996"
"616","2600","10","0.06","0","5800","5","2000","200","0.5","0.6","false","100","25","45","0","10","10","587","6794","0","0.065"
"614","2600","10","0.04","0","5800","5","2000","200","0.5","0.6","false","100","25","45","0","10","10","612","0","0","0.045"
"593","2600","10","0.04","0","5600","5","2000","200","0.5","0.6","false","100","25","45","0","10","10","876","0","0","0.045"
"635","2600","10","0.04","0","6000","5","2000","200","0.5","0.6","false","100","25","45","0","10","10","293","0","0","0.045"
"573","2600","10","0.05","0","5400","5","2000","200","0.5","0.6","false","100","25","45","0","10","10","1038","6805","0","0.055"
"640","2600","10","0.09","0","6000","5","2000","200","0.5","0.6","false","100","25","45","0","10","10","308","6798","0","0.095"
"641","2600","10","0.1","0","6000","5","2000","200","0.5","0.6","false","100","25","45","0","10","10","281","6815","0","0.10500000000000001"
"642","2600","10","0.11","0","6000","5","2000","200","0.5","0.6","false","100","25","45","0","10","10","254","6828","0","0.115"
"643","2600","10","0.12","0","6000","5","2000","200","0.5","0.6","false","100","25","45","0","10","10","227","6803","0","0.125"
"644","2600","10","0.13","0","6000","5","2000","200","0.5","0.6","false","100","25","45","0","10","10","223","6799","0","0.135"
"639","2600","10","0.08","0","6000","5","2000","200","0.5","0.6","false","100","25","45","0","10","10","354","6799","0","0.085"
"645","2600","10","0.14","0","6000","5","2000","200","0.5","0.6","false","100","25","45","0","10","10","199","6804","10","0.14500000000000002"
"646","2600","10","0.15","0","6000","5","2000","200","0.5","0.6","false","100","25","45","0","10","10","194","6744","70","0.155"
"647","2600","10","0.16","0","6000","5","2000","200","0.5","0.6","false","100","25","45","0","10","10","174","6837","0","0.165"
"594","2600","10","0.05","0","5600","5","2000","200","0.5","0.6","false","100","25","45","0","10","10","940","6802","0","0.055"
"649","2600","10","0.18","0","6000","5","2000","200","0.5","0.6","false","100","25","45","0","10","10","165","6406","423","0.185"
"648","2600","10","0.17","0","6000","5","2000","200","0.5","0.6","false","100","25","45","0","10","10","190","6577","259","0.17500000000000002"
"650","2600","10","0.19","0","6000","5","2000","200","0.5","0.6","false","100","25","45","0","10","10","152","6736","105","0.195"
"651","2600","10","0.2","0","6000","5","2000","200","0.5","0.6","false","100","25","45","0","10","10","141","6776","23","0.20500000000000002"
"638","2600","10","0.07","0","6000","5","2000","200","0.5","0.6","false","100","25","45","0","10","10","462","6815","0","0.07500000000000001"
"637","2600","10","0.06","0","6000","5","2000","200","0.5","0.6","false","100","25","45","0","10","10","552","6797","0","0.065"
"615","2600","10","0.05","0","5800","5","2000","200","0.5","0.6","false","100","25","45","0","10","10","1053","6792","0","0.055"
"636","2600","10","0.05","0","6000","5","2000","200","0.5","0.6","false","100","25","45","0","10","10","1083","6792","0","0.055"
"530","2600","10","0.04","0","5000","5","2000","200","0.5","0.6","false","100","25","45","0","10","10","3395","0","0","0.045"
